@VirginAmerica I emailed your customer service team. Let me know if you need the tracking number.,neutral,['customer service']
@VirginAmerica what is going on with customer service? Is there anyway to speak to a human asap? Thank you.,negative,['customer service']
@VirginAmerica why can't you supp the biz traveler like @SouthwestAir  and have customer service like @JetBlue #neverflyvirginforbusiness,negative,['customer service']
@VirginAmerica I like the customer service but a 40 min delay just for connecting passengers seems too long. VA370,negative,['customer service']
@VirginAmerica you have the absolute best team and customer service ever.  Every time I fly with you I'm delighted.  Thank you!,positive,['customer service']
@VirginAmerica best customer service rep in the world! #irmafromDallas takes the cake!!!,positive,['customer service']
@VirginAmerica Thanks for your great customer service today &amp; for helping me get all my travel sorted out!,positive,['customer service']
@VirginAmerica loved it. Can't wait for Monday's return flight... Mostly just to watch the inflight safety video again. #sorrynotsorry,positive,['safety']
Bruh ‚Äú@VirginAmerica: @giannilee Turn down for what. #VXSafetyDance‚Äù,neutral,['safety']
@VirginAmerica had me at their safety video . . . http://t.co/CqMm7nuE9m  LOVED my first cross country flight. #livewelltraveled #sytycd,positive,['safety']
@VirginAmerica thanks! Y'all have some of the best customer service left in the industry.,positive,['customer service']
@united @CheerTymeDad So I can buy tix 3 days before flight but can't transfer the tix.  Flawed security logic. Flawed customer service,negative,['customer service']
"@united I am trying to find out if the loaner seat is new or used, a used car seat is illegal according to safety regulations",neutral,['safety']
@united you guys need some serious training in customer service. Too many better options to put up with the way you guys handle ur mistakes,negative,['customer service']
"@united why am I to believe they will help when customer service couldn't? Like I said, I want a number to someone who can fix what you did.",negative,['customer service']
@united Airline trouble this winter &amp; not getting good customer service? contact http://t.co/aQjn4HwNaC  we negotiate resolutions for You!,neutral,['customer service']
@united very unhappy at no response to complaint emailed on 2nd Feb ref.8441639. Awful customer service!,negative,['customer service']
@united hence why I've been asking for the customer service phone number so I can speak to a real person to get this sorted out,negative,['customer service']
@united pls properly train your agents. Requested to speak to 1k customer service &amp; was transferred to a dead end. Not even open at this hr,negative,['customer service']
"@united customer service is atrocious! You have disrupted my travel plans, you have lost my luggage and it is impossible to TALK TO A HUMAN",negative,['customer service']
"@united has not responded to my various requests for contact numbers, does anyone know the UK customer service number for #UnitedAirlines",negative,['customer service']
"@united good to know you will open the closed doors for ""premier passengers"" after safety briefings on delayed flights. #annoyed.",negative,['safety']
@united we would...how do I contact you to discuss? A few poor experiences with customer service but would give it a shot!,negative,['customer service']
"@united is horrible!! They lost our carseat and expect us to use a loner carseat, safety regulations say it's illegal to use a used car seat",negative,['safety']
@united Thanks to Karen Salisbury at IAH for amazing customer service!  Found my daughter's bag lost on UA1516.  Made her day!,positive,['customer service']
@United THANK U! Secured room for the night Thx to VERY helpful customer service rep N. Dorns.. I thanked her.. Can u 2? #goodenoughmother,positive,['customer service']
@united I've never experienced worst customer service. Placing blame on codeshare partners and not assuming responsibility is unacceptable,negative,['customer service']
@united yes lots. You have terrible customer service at Newark and despite raising a complaint there we were ignored hence the tweet,negative,['customer service']
@united this is atrocious customer service.,negative,['customer service']
@united @dfpietra THAT'S your response?  Shaking my head back and forth with a tsk. You can do better-from customer service to your apology,negative,['customer service']
@united that guy really has no customer service clue.Could have spent effort clearing bins for rollerboards instead of art projects in mine!,negative,['customer service']
@united wow you even answered back!  Awesome! @AmericanAir @USAirways That's customer service!!! #usairwaysfail,positive,['customer service']
@united How do I formally complain about your customer service handler who misconnected me. I was denied boarding &amp; I now lost my bag. Help!,negative,['customer service']
@united been on the phone for over an hour with customer service and they can't figure it out! awesome service... NOT!,negative,['customer service']
"@united After speaking to a United customer service rep the night before a flight, confirming that everything is ok with your reservation..",neutral,['customer service']
@united Please msg me a # for customer service. I will have an invoice for my dry cleaning but won't be able take wet clothes to the airport,negative,['customer service']
"@united UA1130 Flight was a nightmare!! From poor customer service,having my confirmed seat given away.... +more issues",negative,['customer service']
"@united I would like to talk to a customer service agent about the service / non service I received on my last flight a a week or so a go.
J",negative,['customer service']
"@united No, thanks. I'm sick of your company's lousy excuse for customer service. I'm never flying United again.",negative,['customer service']
@united very poor customer service. I WILL think again befor Flight Booking Problems another United flight.,negative,['customer service']
"@united SF crew lack a lot of customer service, LAX employees are a lot better. Wonder why...",negative,['customer service']
"@United Over the last week, United has provided me with the worst customer service experience of my life. Disgusting. #united",negative,['customer service']
"@united even after running to gate from your connecting flight, your customer service not let us in the plane that was just parked. Stranded",negative,['customer service']
@united You are a F&amp;$KING joke. Your customer service is woeful. If your staff tell a passenger that they will do something do it!,negative,['customer service']
@united customer service is the WORST. hanging up on customers intentionally after one hour on hold.,negative,['customer service']
@united the delay is due to customer service for 20 people?  What about the DIS-SERVICE you provided for 100+?  #FlightFail #Hour20Delay,negative,['customer service']
"@united-rebooked to OMA - 180 miles from my destination. Spotty customer service. I get staff stressors but come on, this is your business.",negative,['customer service']
"@United ""delayed due to customer service"" Huh? http://t.co/XlTV5z6sT1",negative,['customer service']
@united what about the poor customer service at checkin at Kansas KCI?!? That's it???,negative,['customer service']
@united Well I can tell you that your customer service at RDU airport is horrific but is exception at O'Hare in Chicago.,negative,['customer service']
@united I'm really glad I just waited on the phone for over an hour to be sent to a voicemail. Your customer service sucks. Nothing has been,negative,['customer service']
@united customer service sucks!  They hang up after waiting an hour and talking for 5 minutes.,negative,['customer service']
@united we needed to be at steamboat for a meeting by 3pm so we took a shuttle. The United customer service people said the bag would be on,negative,['customer service']
@united customer service what's That???,negative,['customer service']
"@united -- overFlight Booking Problems planes, Departing delayed, Returning for 'more quick fixes' &amp; breaking out attitudy-customer service? #worstairline",negative,['customer service']
"@united your gate attendant had some snobby remarks, your customer service is like playing poker with my sisters kids!",negative,['customer service']
@united went to Customer Service kiosk and they were able to help out! Still thanks for following up!,positive,['customer service']
@united thanks. Just was able to do it on the app myself. Still not customer service to be seen in YYZ,negative,['customer service']
"@united should hire extra customer service reps. 50 minute wait time to ask one question? I would rather just fly another airline, thanks.",negative,['customer service']
@united can you get me on the delayed flight to EWR out of YYZ at 15:30? No customer service to be found in airport,negative,['customer service']
@united my last call your customer service agent called me back... As he was stuck on hold to air Canada.. Just hope he's booked me a flight,negative,['customer service']
@united has terrible customer service &amp; doesn't feel the need to notify its customers when their flights are delayed,negative,['customer service']
"@united yes, computer would allow me to get to San Diego quick but customer service will not help.  Says can't rebook http://t.co/KcVUbUYExc",negative,['customer service']
@united two hour delay for a plane that was visible from the airport. So far terrible customer service. #neveragain,negative,['customer service']
@united this customer service experience will be tweeted for quality assurance.,negative,['customer service']
@united they wouldn't let me on. Real nice of you! Just love your awesome service. And U have 2 people working this customer service line..,negative,['customer service']
@united On hold 2X 60 min ea. Trying to bk a tix to Asia. Your website &amp; customer service dont want my business. Korea Air it is.,negative,['customer service']
"@united your service need work - check out this Bush airport ""customer service line"" last nt #unitedagainstunited http://t.co/g00sAozgtv",negative,['customer service']
"@united Also, your phone customer service is almost useless. http://t.co/Mb3bJwGOAp",negative,['customer service']
@united What does delayed due to Customer Service mean for UA761?,negative,['customer service']
@united is 4:30am and I am in the customer service line trying not to scream. #epicfailunited,negative,['customer service']
@united  once again your customer service at the providence airport was horrible. Do you actually care about customers or just making money?,negative,['customer service']
"@united your ""customer service"" team in manilla is absolute shit. I can't even get a supervisor without being out back on hold?!",negative,['customer service']
@united you're customer service is unbelievably bad. Abysmal. I've been on the phone for well over 2hrs tonight. Hung up on by yr ppl 3x.,negative,['customer service']
@united worst customer service experience ever. 40 minutes to get the jetway to the plane at EWR tonight. Flight 354   Disappointed,negative,['customer service']
@united Airline SUCKS! Customer Service SUCKS! NO courtesy! Incompetent - passengers do NOT matter- Bet the CEO is just doing fine though!,negative,['customer service']
@united 3 times I've called customer services each at least 40 mins... Each time cut off by your operators... Why can't you call me back!,negative,['customer service']
@united trying to get a customer service agent.  Just landed in SFO.  Can't fly with 3 layovers with 3 kids!!,negative,['customer service']
@united I was on UA3782 and it was Cancelled Flightled. I'm waiting at customer service.,negative,['customer service']
@united Flight Cancelled Flightled to BDL and stranded @Dulles_Airport. Waiting almost 2hrs at customer service. Shout out to diligent agents.,negative,['customer service']
@united No customer service rep could confirm where my bag was &amp; each gave me different info. Ruined 2 events I had today. #disappointed,negative,['customer service']
"@united yes, after landing at 930pm last night. Spoke to 10 baggage claim customer service reps. Finally spoke to one amazing ticket agent.",negative,['customer service']
"@united After an hour+ wait, my issue is resolved. I did contact customer service to comment on the wait time. Thanks for contacting me.",positive,['customer service']
@united employees almost seem happy when delivery terrible customer service.,negative,['customer service']
@united how long does it take to get a response from your customer service about a complaint done through email?,negative,['customer service']
@united the worst customer service in Denver.,negative,['customer service']
"@united can't get anyone to deal with me in person. Cowardly customer service, I can't be looked in the eyes by anyone.",negative,['customer service']
@united customers ‚úÖ. Customer service ‚ùå http://t.co/qP6Aw3nLIP,negative,['customer service']
@united send someone to the customer service counter in person. DIA concourse B across from gate B36a.,negative,['customer service']
@united once again your lack of customer service astounds me! You are the worst airline in the history of airlines! Train your staff!,negative,['customer service']
"@united besides landing the plane, overall customer service experience has been poor. Late Flight and rude workers plus missing luggage",negative,['customer service']
"@united customer service: 16hr delay coupon can only be redeemed on website which has $200 higher prices than Expedia, call wait time 55mins",negative,['customer service']
@united Was just hung up on by customer service after waiting 30 min on hold...guess that vacation's not happening? Website wasn't working.,negative,['customer service']
@united lost bag in Huston we leave for a Bahamas cruise today from #nola and had to buy all new stuff. Customer service is non existent,negative,['customer service']
@united just had the worst customer service experience ever on united airlines,negative,['customer service']
@united First Officer of UA 1514 checking our 757 prior to departure from EWR yesterday while on his cell. Safety ??? http://t.co/1TFH2v0a7z,neutral,['safety']
@united stellar customer service. You have earned my business by your attention to detail.,positive,['customer service']
"@united Friend stuck in bus on runway at PEK with two small kids no customer service, no explanation, kids crying, awful service.",negative,['customer service']
@united bad customer service  to NYC a few weeks ago. Thinking of moving on,negative,['customer service']
@united so much for being here to help. Very disappointed in your customer service.,negative,['customer service']
@united your system is down and after being on hold for over 20 mins -Mia tells me she is going to charge a Flight Booking Problems fee?! Customer service?,negative,['customer service']
"@united to Late Flight now, but in future flights, train staff better to handle emergency situations, and ground staff in Customer Service",negative,['customer service']
"@united Brian at SFO customer service deserves a raise, gave me extra meal voucher and a good joke to cheer me up after flight delay. #FTW",positive,['customer service']
"@united not even mentioning how rude the customer service was to us. As a business owner, I'd be mortified if my employees acted as yours",negative,['customer service']
@united kept me watching the safety video for the first time in forever. Nice job üëç.,positive,['safety']
@united never flying with you guys ever again. The customer service is piss poor at best.,negative,['customer service']
@united have better customer service at John Wayne airport.,negative,['customer service']
@united Booked 11 tix 1 month ago and now its about $157 CHEAPER and customer service was useless. What's up with that???,negative,['customer service']
@united you phone customer service team is bad. Think it is time for me to consider switching airlines.,negative,['customer service']
"@united, if you mean beyond opaque ""maintenance issues"", yes, that would be  basic in customer service which your EWR staff can't manage.",negative,['customer service']
@united wins top marks for customer service via Twitter. They turned a poor experience into a positive. Many thanks for the effort! üëç,positive,['customer service']
"@united incompetent/rude service today. Missed my connecting flight, then the customer service desk was terrible to me. Really upset w untd.",negative,['customer service']
@united yes! I'll be sending an email to customer service today.,neutral,['customer service']
@united I believe just customer service. At last post he was at Narita in Tokyo. They sent him to a motel to rest. Said standby maybe 2days,negative,['customer service']
@united this is very disappointing. This is about customer service.,negative,['customer service']
@united @44Stocker my wife Sarah stocker did also called but could not connect me to customer service,negative,['customer service']
@united DM sent.  This lack if customer service is getting ridiculous.,negative,['customer service']
@united customer service has no solution and now we might miss a show because of them,negative,['customer service']
"@united I will be calling customer service. 2 delayed flights today now, luggage misplaced, a disaster across the board.",negative,['customer service']
@united your customer service is terrible,negative,['customer service']
"@united thanks for delaying our flight for an hour, missing our connecting flight and terrible customer service. #neveragain #vacation",negative,['customer service']
@united I need a customer service manager to contact me please,neutral,['customer service']
@united Please send me the link/email to formally compliment Irene in SLC on some of the best customer service ever. #PaxEx,positive,['customer service']
"@united gates were DEFINITELY NOT FULL. We were parked and wheels were chocked. Customer service called it an ""UNMET ARRIVAL""!!",negative,['customer service']
@united in spite of flight delay great customer service provided by Janet and baggage employee Karen. You have 2 wonderful employees United.,positive,['customer service']
@united it's a shame the great customer service wasn't continued in SFO. Slightly absurd,negative,['customer service']
"@united still awaiting a reply from ur customer services?  18 days, no response? Lousy #unitedairlines",negative,['customer service']
@united  Great customer service again. Thanks!,positive,['customer service']
@United What's your phone number? Customer service question.,neutral,['customer service']
@united  4 reFlight Booking Problemss in last 2 days and each time united wait time was &lt;5 seconds! Kudos to you for excellent customer service!,positive,['customer service']
@united WHAT?! Y'all have zero concept of customer service. Oh...and now my connection is delayed too!,negative,['customer service']
@united can you maybe have more than 1 person working customer service desk in Houston airport? Line 3 rows deep 1 person working,negative,['customer service']
"@united keeps delaying my flight, horrible customer service",negative,['customer service']
@united thats because you didnt read my entire tweet. Wife's 12pm flight is now delayed to 6:30.  Thats 3 6+ hour flight delays in 2 weeks,negative,['flight delays']
@united your customer service is lacking and you owe me a @GoPro camera. I also appreciate not being interrupted every time I speak Thanks,negative,['customer service']
"@united You need to change the way customer service is handled! I have been waiting for a supervisor to contact me for 17 days, what gives?",negative,['customer service']
"@united ^GJ funny, I did and the attendant recommended me tweeting you letting you know about my subpar customer service. #RunAround",negative,['customer service']
@united nothing else from you ^GJ? Where is your customer service?,negative,['customer service']
@united negative. Done wasting time with amateurs at customer service. Thanks for at least offering.,negative,['customer service']
@united can you DM me? Been on hold with customer service very long time (53 min +) and getting the run-around. Thanks.,negative,['customer service']
"@united yes, I want to complain. Your coworker was neither. Is there a customer service point airside?",neutral,['customer service']
@united hello. I'm overseas &amp; my bag is lost. I can't call customer service but can you help me?,negative,['customer service']
"@united #1007 Houston-Bogota boarding again, safety first, it seems the mechanics fixed the problem faster, good energy to fly home/family",positive,['safety']
"@united #1007 Houston-Bogota with an engine problem, mechanics trying to ""fix"" the problem, safety first, better to change the plane",negative,['safety']
@united the lack of customer service is astounding https://t.co/72RMpkOGwu #2daysofhell,negative,['customer service']
@united no worries Your customer service gets a bad wrap but just spoke w agent who saved me huge amounts of time &amp; apologized for yesterday,positive,['customer service']
@united Thanks to supervisor Miriam who provided me with great customer service. #finally,positive,['customer service']
@united -today the staff @ MSP took customer service to a new level. My father passed away last night &amp; you helped me get home today! Thanks,positive,['customer service']
@united leisure. Military personnel for safety reason R highly recommended to not travel in uniform,neutral,['safety']
@united &lt;&lt;&lt;&lt;&lt;------- shoddy customer service. Of no use whatsoever. #unitedairline,negative,['customer service']
"@united #unitedairlines so my feedback is for your benefit, not for you to correct your atrocious customer service? Good to know",negative,['customer service']
@united then why do you bother responding? Your customer service is THE WORST. Never using you guys again.,negative,['customer service']
@united our flight attendant @superben was super helpful in finding a bag we left on a flight today. Excellent customer service. Name fits.,positive,['customer service']
@united and they were traveling as guests of a mileage plus member using that members miles. Great customer service.,positive,['customer service']
@united is amazing how hard is to talk with customer service! !!,negative,['customer service']
"@united She met me from customer service at the arrival of flight UA3787 PVD-IAD. Thanks, you guys have really handled this storm!",positive,['customer service']
@united once again your customer service rep was rude!   I asked a question and in turn got attitude.  Jane was no help.  Disgusted again!,negative,['customer service']
"@united Call customer service and of course they just say ""theres nothing we can do"" and then offer a transfer and disconnect the line.",negative,['customer service']
@united JT the issue is with missed connections early gate closings and zero concern from customer service,negative,['customer service']
@united thanks for your attention. I would actually like to make a specific complaint about customer service at DCA. What is my best option?,negative,['customer service']
"@United Your customer service for Mileage Plus customers is a disgrace. I just spent 45 min on the phone to reset a pin number, with no luck",negative,['customer service']
@united plus you horrible seating and poor customer service everywhere I've flown. now you take away the mileage program..horrible,negative,['customer service']
@united giving up on your direct flight from IAH to Honolulu. 3rd attempt in 3 years - 3rd delay.  $7 meal voucher. Wow. Customer service!,negative,['customer service']
"@United just played the Most bizarre ""safety"" video I've ever seen... http://t.co/Hlm2Oks6xl",neutral,['safety']
@United WiFi onboard 737-800 far superior in pricing and performance (user-perceived bandwidth and Late Flightncy) to recent @GoGo experiences.,positive,['pricing']
@SouthwestAir still no update text #2053 &amp; still no response to email fr1/5/2015 SR #256746438028. Feel like yr losing customer service/care,negative,['customer service']
@SouthwestAir I was told by customer service that only customer relations can extend the expiration date of my unused travel funds.,negative,['customer service']
@SouthwestAir  on hold with customer service; you may be quicker.  I rebooked trip for a lower fare.  Where did the difference in $ go?,negative,['customer service']
@SouthwestAir Airline trouble &amp; not getting satisfactory customer service? contact http://t.co/aQjn4HwNaC  we negotiate resolutions for You!,neutral,['customer service']
@SouthwestAir is America's largest airline by passengers carried! Wonder if this is b/c they have a 'Customer Service Bible' #ANAmarketers,neutral,['customer service']
"@SouthwestAir is the best airline hands down. Amazing customer service, bags free and affordable flights. #happycamper",positive,['customer service']
@SouthwestAir customer service you shouldn't use those words wasted my time and took my money #BadBussiness #Theft http://t.co/63zaQ2lt8f,negative,['customer service']
"@SouthwestAir customer service at FLL, BWI,and PIT have been terrible.no one knows where his bags are.his is on a job with no clothes &amp; gear",negative,['customer service']
@SouthwestAir /I really love your customer service Lou Ann in Phx rocks. Thanks SW. #be Ourguest,positive,['customer service']
"@SouthwestAir very disappointed in your customer service right now. definitely not feeling the luv. what's worse, 2nd time this winter.",negative,['customer service']
"@SouthwestAir Katie, Gate C47, Denver International, fantastic customer service helping me and 2 new flyers; thx for amazing staff!",positive,['customer service']
@SouthwestAir thanks for the great customer service today! üëçüëå,positive,['customer service']
@SouthwestAir would someone please DM me the customer relations number. The website has only customer service.,negative,['customer service']
@SouthwestAir thank you. Great customer service so far. Accidents happen I understand. Hopefully everything works out.,positive,['customer service']
@SouthwestAir  Poor customer service displayed over the weekend during the storm. I was stuck on the tarmac for 2.5 hours with no answer!,negative,['customer service']
@SouthwestAir pretty terrible customer service. Sat on hold 10 min. Then a busy signal. Then disconnected. Do all airlines have to suck?,negative,['customer service']
@SouthwestAir A+ to the Safety Dos and Don'ts Announcer. Flight 651 from Midway (MDW) to Pittsburgh (PIT)!,positive,['safety']
@SouthwestAir when can we expect customer service in Dallas to be available,neutral,['customer service']
@SouthwestAir thank you for great customer service. Trying to make it to San Antonio and your staff and alerts have been helpful. Boo ice!,positive,['customer service']
@SouthwestAir What's up with the wait times on your customer service line? Tried 2X on Fri. and now I've been on for over 15 min.,negative,['customer service']
@SouthwestAir customer service is rude and bothered by our calls. Has no idea what is going on and sighed heavily on the phone. Unbelievable,negative,['customer service']
@SouthwestAir @jparkermastin  customer service has been very passive in their response. Disappointed. I have only flown SW but am rethinking,negative,['customer service']
".@SouthwestAir glad you appreciate it, it‚Äôll be the last dollar you ever get from me thanks to your wretched customer service",negative,['customer service']
@SouthwestAir me again! I was just trying to rebook fare on wanna get away pricing and it disappeared in time I refreshed. Is this normal?,negative,['pricing']
@SouthwestAir why does the customer service have rather inconsistent information,negative,['customer service']
@SouthwestAir but to make us tru to find space in other flights.  This customer service is as bad as @SpiritAirlines.,negative,['customer service']
@SouthwestAir I continue to be amazed by the amazing customer service.  Thank you SWA!,positive,['customer service']
@SouthwestAir I will be calling someone on Monday in customer relations. Very disappointed in how I was treated by customer service!,negative,['customer service']
@SouthwestAir could I get a phone call from a customer service rep to get the issue resolved?,negative,['customer service']
@SouthwestAir Flight 52 got Cancelled Flightled 6 hrs before takeoff. No Customer Service. Been on hold for 30 minutes.,negative,['customer service']
@SouthwestAir safety back in Dallas!,neutral,['safety']
@SouthwestAir What's happened to your customer service? 2 Cancelled Flightled flights in 2 days &amp; an uninformed and unapologetic staff. #nolove #cali,negative,['customer service']
@SouthwestAir I will say that your customer service has consistently been the very best!!!,positive,['customer service']
@SouthwestAir 2 hours on hold for customer service never us SW again,negative,['customer service']
"@SouthwestAir Great flight yesterday from MSY to AUS!! Thank you for such great safety,service and beautiful skies!! http://t.co/X1EqYAHfvZ",positive,['safety']
@SouthwestAir great example of customer service this morning at MSY headed to ATL. Alison and Bobbi were fantastic! Gate B8. Thank you.,positive,['customer service']
@SouthwestAir Thx to customer service rep ALEX for his patient help in reFlight Booking Problems a Cancelled Flighted flight and getting us where we have to be tmrw!,positive,['customer service']
@SouthwestAir want to explain why I was on hold for 2+ hrs tonight trying to reach customer service only to learn they're only there Mon-Fr?,negative,['customer service']
@SouthwestAir The pilots&amp; crew on flt 3999 and customer service professionals at baggage claim are OUTSTANDING!! Thank you!!,positive,['customer service']
@SouthwestAir Worst customer service ever. You Cancelled Flightled my connecting flight to NY hours ago &amp; didn't tell me. Now I'm stuck in Tampa.,negative,['customer service']
"@SouthwestAir, answered right away for a new res, but can't rebook the people that were supposed to leave today? Worst customer service.",negative,['customer service']
@SouthwestAir have a prompt for consumers for prompt for customer service instead of having customers on hold for 1.5 hrs,negative,['customer service']
@SouthwestAir hire more customer service agents. And hour and a half is too long to hold,negative,['customer service']
"@SouthwestAir, been on hold for an over an hour now - when can we expect some customer service? #disappointed",negative,['customer service']
"@SouthwestAir On hold over 2 hrs and got cutoff !Cancelled Flightled my flight, now can't get to booked cruise in Florida! Terrible customer service!",negative,['customer service']
@SouthwestAir LOST Kay Chapman Designs art-luggage for important show. Won't help locate it. Terrible customer service.,negative,['customer service']
@SouthwestAir been on hold for over an hour to speak to a customer service rep. What the heck?? #Southwest #customerservice,negative,['customer service']
"@SouthwestAir can't speak with customer service for 2hours, still on hold! Do you guys work?#nogood",negative,['customer service']
@SouthwestAir - Hi Janet in customer service. I'm calling you back and have been sitting in que for 40 mins! Plz pick it up!!! #frustrated,negative,['customer service']
@SouthwestAir Cancelled Flightled my flight won't refund me and told me 2 call customer service n been holding for 30 minutes still waitin #BadService,negative,['customer service']
@SouthwestAir apologies help. Would have been nice had supvsr. Sally in CLE offered one. Not usual gr8 southwest customer service I love,negative,['customer service']
@SouthwestAir Horrible experience ever with airline..Have to reconsider any future flights. Customer service ... http://t.co/EczHcmM5vi,negative,['customer service']
"Thank you for your help, Shannon! Great customer service, @SouthwestAir.",positive,['customer service']
@SouthwestAir 4-4 in horrible customer service. Empty seats in early flight wantcharge me double to get home early instead the usual Late Flight,negative,['customer service']
"@SouthwestAir you call this customer service?? Sitting in the tarmack for 1hr, lost bag, and you give me a $100. voucher???",negative,['customer service']
@SouthwestAir where is the great customer service I have come to know/expect; you LUV dropped by EB check in and no help in sight!,negative,['customer service']
"@SouthwestAir experiencing the worst customer service ever currently. Waited for CS rep, then put ""on hold"" but actually was hung up on.",negative,['customer service']
@SouthwestAir Yes. Please train your customer service agents with correct protocol.. I should not be receiving different 411 evrytime I call,negative,['customer service']
"@SouthwestAir What's with the pricing cache?! About to book a flight, refreshed the page, &amp; the price jumped from $73 to $159. Ridiculous. üòë",negative,['pricing']
@SouthwestAir thank you for always going above and beyond with your customer service!!!!!! #favoriteairline #luvforSW #southwestAir,positive,['customer service']
@SouthwestAir I receive bad customer service and ended up spending several hundred dollars to accommodate my family during each cxl flight,negative,['customer service']
"@SouthwestAir I understand weather is not your fault, but as a frequent flyer I expected better customer service. I'll be trying @Delta",negative,['customer service']
@SouthwestAir was wondering is there a reason why customer service is so busy? Been on hold past few days for many hours No answer Help plz,negative,['customer service']
@SouthwestAir - I just had a great experience with your customer service team. Thank you! #LuvSW A-list,positive,['customer service']
@SouthwestAir Customer service said it was a known problem that they were using same confirmation numbers for domestic and international,negative,['customer service']
@SouthwestAir it's the poor customer service that I have a problem with!!!!!,negative,['customer service']
@SouthwestAir when will sw return to customer service?  Business travelers made sw now sw ignores us.,negative,['customer service']
@SouthwestAir This experience was the worse flying experience I've ever had. To be met w/ contempt from your Customer Service makes it worse,negative,['customer service']
@SouthwestAir So today I call into Customer Service &amp; speak with Wendell Holton in the Dallas office &amp; I am told there is nothing he can do,negative,['customer service']
@SouthwestAir has the best customer service!,positive,['customer service']
@SouthwestAir you're 4/4 on blowing it with your customer service. Shotwest Airlines.,negative,['customer service']
"@SouthwestAir very frustrated with your customer service.Open seats on earlier flight, $154 to change. What a rip off!!",negative,['customer service']
"@SouthwestAir I keep getting disconnected after choosing the option ""unused travel funds"" on your automated customer service line! SOS",negative,['customer service']
@SouthwestAir has the worst customer service on earth. Will never fly that airline again.,negative,['customer service']
@SouthwestAir why are yall trying to fly me to Chicago when I don't live there?! Send me home now!!!! Bullshit ass customer service,negative,['customer service']
@SouthwestAir 4 flights Cancelled Flightled in one week?! Customer Service is üí©üí©üí©üí©,negative,['customer service']
@SouthwestAir very poor customer service thru out each of my cxl flightsüòî I should've flew @Delta,negative,['customer service']
@SouthwestAir extremely #disappointed with poor the customer service provided after Cancelled Flighting my flight today! #unprofessional,negative,['customer service']
"@SouthwestAir your customer service is terrible, you're terrible, thought you should know.",negative,['customer service']
@SouthwestAir You officially have the worst customer service of any airline I've ever dealt with. #southwestairlines #poor,negative,['customer service']
@SouthwestAir Amazing customer service as well. Will definitely fly with you guys again if my instrument is involved. #10/10,positive,['customer service']
"@SouthwestAir not terribly inspired to call ""customer service"" in the future now.",negative,['customer service']
"@SouthwestAir worst customer service, Terrible attitudes. I don't care how big a storm.  Your employees need an attitude adjustment",negative,['customer service']
@SouthwestAir Karen with customer service was very helpful. Thank you for providing one bright spot in a frustrating situation.,positive,['customer service']
"@SouthwestAir disappointed with customer service right now, my flight was only one Cancelled Flightled at my airport &amp; now I'm losing 2 days from trip",negative,['customer service']
@SouthwestAir I've been on hold for an hour &amp; a half trying to change my flight to BNA. Not very happy with customer service right now!!!!!!,negative,['customer service']
@SouthwestAir I've been on hold with customer service for over an hour. Can you help?!,negative,['customer service']
@SouthwestAir + @twitter  = outstanding customer service!  Thank you!,positive,['customer service']
@SouthwestAir has the WORST customer service of any airline I've ever flown.,negative,['customer service']
@JetBlue Airline trouble this winter &amp; not getting good customer service? contact http://t.co/aQjn4HwNaC  we negotiate resolutions for You!,neutral,['customer service']
@JetBlue your customer service today was deplorable.  There were plenty of ways u could have gotten us on that flight. #badcustomerservice,negative,['customer service']
"@JetBlue after my second call to customer service and the fifth person I talked to, an amazing rep fixed it in about 5 mins! :) #persistence",positive,['customer service']
@JetBlue I spent an hour on the phone with customer service only to find out that they can't help. Need help with family pooling asap.,negative,['customer service']
@JetBlue customer service says since my wife setup a family account that she now can't join mine for a year???  Help me fix please.,negative,['customer service']
@JetBlue  any effort to fix your points system? 11 days and a call to customer service and still no account update. Chasing points is no fun,negative,['customer service']
@JetBlue wall separating in row 1. #safetyconcerns http://t.co/zTrDwV0N4l,neutral,['safety']
@JetBlue ok thanks. Safety first.,positive,['safety']
@JetBlue Safety might be your priority but organization clearly is not.,negative,['safety']
@JetBlue your crew didn't say it was about safety. If they say that I was glad to stay ... Check the information you give to the costumers,negative,['safety']
@JetBlue I'm going to write a post on @Medium about the experience. Your customer service has tanked. #JetBlue,negative,['customer service']
@JetBlue 4 hr delay on flight to JFK via Tampa &amp; worst customer service in San Juan airport. This after app not working all day.,negative,['customer service']
@JetBlue thank you for the refund of the change fee for a recent flight affected by our bizarre winter. Excellent customer service and focus,positive,['customer service']
"@JetBlue I hope your customer service reps are as reliable/friendly as they usually are, so far you are not living up to your + rep/exper.",negative,['customer service']
@JetBlue why would you hire a guy who doesn't care about the safety of children? Not remotely acceptable. http://t.co/lKFh9HYHW8,negative,['safety']
@JetBlue Good perspective. If only this safety concern had been expressed at some point before I arrived at the airport. #communicationiskey,negative,['safety']
@JetBlue your customer service agent Bonnie is amazing on the phone she deserves a promotion!!!,positive,['customer service']
"@JetBlue I hear you and safety is #1! I think we can get to JFK though now so let's help the pilots, passengers &amp; crew get there safely!",neutral,['safety']
@JetBlue suck and their customer services are the worst  whats the point of having a loyalty scheme that they don't honor #badairline,negative,['customer service']
"@JetBlue  FLL to MDE, great flight, great customer service, THANKS! 2 mths waiting  @AmericanAir  to speak to a human at customer service",positive,['customer service']
@JetBlue she has...she hasn't heard from anyone in over a week. a nonstop flight and her baggage was lost/stolen. customer service üëé,negative,['customer service']
"@JetBlue If this is customer service, then please call me.",negative,['customer service']
@JetBlue thanks for your prompt response. I know you put safety first. Unfortunately will hit freezing rain/sleet on ride home.,positive,['safety']
"@JetBlue I now learned that customer service at SXM works for the airport, not JetBlue. They need a supervisor to do anything.",negative,['customer service']
"@JetBlue we tried. They're not at all helpful. Terrible customer service, at this airport, at least.",negative,['customer service']
@JetBlue I've been in pricing for 8 years to know that 70 bucks a seat is criminal. 20-30 I understand. #pricing #flying #jetblue #pricewise,negative,['pricing']
Thank U üòò ‚Äú@JetBlue: @ItsLaLoca But of course! Safety is always 1st!  We'll make sure to handle her with CARE and LOVE!  :)‚Äù,positive,['safety']
@JetBlue you're customer service is terrible. #NeverAgain #flywhonotblue,negative,['customer service']
@JetBlue @FerrisSalameh Love JetBlue's speedy Twitter customer service.,positive,['customer service']
"@JetBlue poor storm customer service, 1hr takeoff delay waiting for the snack cart, rude steward (no names) and I love you guys. #TrueBlue",negative,['customer service']
@JetBlue has the worst customer service out of any airline company. #dontflythem,negative,['customer service']
@JetBlue thank you for always have the most amazing customer service! Bring on The Disney Princess Half Marathon,positive,['customer service']
"@JetBlue don't just cling on to the safety card. It safety was really an issue, then flight would have landed immediately. .",negative,['safety']
@JetBlue Well being on time is not going to happen now. Safety does come 1at. Looks like I'll have 2 look 4 another flight now #1stTimeFlyer,negative,['safety']
@JetBlue the slowest boarding process I've ever experienced and rude customer service agents.,negative,['customer service']
@JetBlue Thank you guys! Brilliant customer service,positive,['customer service']
@JetBlue safety first !! #lovejetblue,positive,['safety']
@JetBlue Maybe stop telling people the wrong info on your customer service calls.,negative,['customer service']
"@JetBlue customer service was so bad updating my points, once I use my next points, I won't be flying you. Point system is almost a sham.",negative,['customer service']
@JetBlue @ZKatcher @bretharold does it look like to we talked to customer service? http://t.co/vYUAnh4Iqr,negative,['customer service']
"@JetBlue your customer services agent Jorge at Orlando International is rude and disrespectful, I never want to deal with your bullshit ever",negative,['customer service']
@JetBlue U say our safety is our highest priority but that doesn't extend 2 our property? This is totally nuts. http://t.co/xZY7pHKFGR,negative,['safety']
"@JetBlue hey, so, Dre at Seatac check in needs a raise, stat. Dude gave me amazing customer service and made me feel valued. üëç",positive,['customer service']
@JetBlue but you guys should know that musicians are very sensitive about the safety of their instruments when flying. For good reason.,negative,['safety']
@JetBlue ask @j_beatz247 but I teach marketing at a university and will gladly consult on customer service and how NOT to treat passengers.,negative,['customer service']
"@JetBlue received horrible customer service at LAX on 2/11. Reservation Cancelled Flighted without notification, despite having confirmation number.",negative,['customer service']
@JetBlue Thank you for your excellent customer service - resolved issue quickly.,positive,['customer service']
@JetBlue ah yes. Put the bags on the floor instead of the overhead bin so no one trips. #safetyfirst #sarcasm,negative,['safety']
Always been a @JetBlue fan but maybe next time I'll fly @VirginAmerica for real customer service.,negative,['customer service']
@JetBlue tried again. Lovely customer service. Thank you!,positive,['customer service']
"@JetBlue Hold for 15 min, a couple of rings, then ""mailbox has not been set up yet."" Customer service forwarding to their cell phones? C'mon",negative,['customer service']
@JetBlue I do not want to deal with your customer service agents with no practical knowledge.Provide me with a direct contact.,negative,['customer service']
@JetBlue my request has nothing to do with rescheduling. But customer service has such a bad attitude today. #badservice,negative,['customer service']
@JetBlue busy due to storm but customer service should always be on point. More so now than ever #getittogether,negative,['customer service']
@USAirways Fortunately you have staff like Lynn S. and DeeDee who actually understand customer service and simply being NICE.,neutral,['customer service']
@USAirways Been stuck for 40+ minutes due to lavatory issues. No beverages. No snacks. No customer service. Flt 645 to PHO... #fail #refund,negative,['customer service']
@USAirways I want to love you! 43 minutes on hold! Help me understand why I switched loyalty programs. http://t.co/cHGy5yrVka,negative,['loyalty programs']
@USAirways 59 minutes now. Nice customer service you got going on.,negative,['customer service']
@USAirways is there a phone number or email address to customer service?,neutral,['customer service']
@USAirways has the worst customer service. Can't even get through to a rep you gotta be kidding me,negative,['customer service']
"@USAirways - Good to know that your phone customer service is still impaired due to ""bad weather"" that was over a week ago #jetblueanyone?",negative,['customer service']
@USAirways still ignoring my question. #USAirways consistently providing poor customer service.,negative,['customer service']
@USAirways knows customer service!! Thank you for starting our 2 week vacay on an amazing note! Thank you sarita!!!,positive,['customer service']
"@USAirways Disgusted with your poor customer service. U wrongfully remove &gt; 65,000 miles from my Dividend Miles and no live person,",negative,['customer service']
@USAirways has the worst customer service line.  I've called them 8 times today and not once was I able to talk to a real human being.,negative,['customer service']
@USAirways I've been on hold for over an hour.  Not doing so well in the customer service department.  #weak,negative,['customer service']
@USAirways. Yet another delay/missed connection....and your customer service has an attitude with me? Wow.,negative,['customer service']
@USAirways what's up with flight 5545 no gate agent or plane at PHX B18?  Nice customer service.,negative,['customer service']
"@USAirways  I need to email customer service for help and a question, can you please provide the email address?",neutral,['customer service']
@USAirways why are your customer service department so intent on ignoring my emails and queries? #badservice #usairways,negative,['customer service']
@USAirways your customer service # has a recording that says we are to busy to assist and hangs up. Great touch. #poorservice @GMA @CBSNews,negative,['customer service']
@USAirways your lack of customer service has shined. I need you to step up and get my lost baggage to delta. So they can return it to me.,negative,['customer service']
"@USAirways customer service failure aside, one would think you guys would care about inaccurate manifests. I'm sure TSA would.",negative,['customer service']
@USAirways I find it funny that @PHLAirport responds but you don't. Your customer service is the worst. #wedontcarebecauseyoupaidalready,negative,['customer service']
@USAirways I need to speak with a customer service agent today between 5-8pm  I had an unfortunate incident of discrimination today.,negative,['customer service']
@USAirways sitting here in PHL with all of your rude Customer Service Agents!,negative,['customer service']
@USAirways it was customer service like I have never seen before!  Kudos to your organization.,positive,['customer service']
@USAirways how do I get a hold of customer service? I've called multiple times &amp; have been on hold for 30+ mins only to have to hang up,negative,['customer service']
.@USAirways Can't book a flight online or over the phone. Your customer service is usually great -- anything you can do to help?,negative,['customer service']
@USAirways  Houston Gate 17 customer Service needs to treat people with respect. There are hardly people waiting! #chillpill #usairwaysfail,negative,['customer service']
"@USAirways That is the height of rudeness, and without question the worst customer service I have ever experienced.",negative,['customer service']
@USAirways DOMINICK L. at La Guardia airport NYC gives the absolute best customer service! Thanku! Checking in made easy!,positive,['customer service']
"@USAirways Customer service is dead. Last wk, flts delayed/Cancelled Flighted. Bags lost 4 days. Last nt, flt delayed/Cancelled Flighted.  No meal voucher?",negative,['customer service']
@USAirways is alright with me. Please give Scott F at BDL a bonus for excellent customer service,positive,['customer service']
"@USAirways. wow, awful customer service.",negative,['customer service']
"@USAirways Storm or no storm, your customer service is a joke. 6 hour wait time to speak to someone? I will never fly your airline again.",negative,['customer service']
@USAirways And how do you only have 1 agent at PHX customer service desk when an hour ago the line was over 100 people long?,negative,['customer service']
@USAirways sorry doesn't help.  It's midnight PST.  How in the hell am I still on hold after 90 minutes on customer service line?,negative,['customer service']
"@USAirways And by the way, I'm planning it while I've Ben waiting in the line at customer service in PHX...for over an hour!",negative,['customer service']
@USAirways hey guys!  Thanks for answering me and thanks for keeping me on hold for an hour on customer service at 12 pm PST!,negative,['customer service']
@USAirways #usairways lost a passenger today for not upholding their promise of excellent customer service!!!,negative,['customer service']
@USAirways your customer service is horrendous. Between the way employees speak customers and their lack of care for problems with flights.,negative,['customer service']
"@USAirways @AmericanAir have been trying to call customer service since 9pm. After an hour, was disconnected. Spoke to no one",negative,['customer service']
@USAirways I'm tired of paying for luggage &amp; less than stellar customer service @AmericanAir. #notafanofyourmerger,negative,['customer service']
@USAirways @PHLAirport always nice when a customer service manager threatens customers standing in his understaffed lines for the last hour,negative,['customer service']
@USAirways I've been on hold for 90 minutes. This is terrible customer service. You messed up my reservation! http://t.co/oyLgeao7Y8,negative,['customer service']
@USAirways 1st flight with U.S. Air Plane had mechanical issues. Wait 90 minutes for help from customer service. No help from management,negative,['customer service']
@USAirways on top of that a dozen ppl missed connections and you have ONE person at customer service? Abysmal!,negative,['customer service']
@USAirways Another great flight #FunFlightAttendants. Thanks for showing my dad wonderful customer service. #flt635 #LAX #PHX #SundayFunday,positive,['customer service']
"@USAirways That's 1h 10m waiting to get my bag, 1h40m of flight delays, plus the 2hrs of delay I had on the way out. Never flying you again.",negative,['flight delays']
@USAirways can you please help me find my luggage since you're the one who lost it? Your customer service SUCKS.,negative,['customer service']
@USAirways he is 8 months old and is suffering from a rare form of cancer. Your customer service agents had no compassion and I am disgusted,negative,['customer service']
"@USAirways please help! No bags, no way to get through to customer service since 8AM this morning! Help!!",negative,['customer service']
"@USAirways 24 hrs Late Flightr still not home. Hotel, rental car etc with a 5 yr old, what happened to ""customer service is our first priority""",negative,['customer service']
@USAirways has the WORST customer service and their flights are always delayed,negative,['customer service']
@USAirways thanks for the worst customer service on the face of the earth. I loved the 5+ hrs on hold along w 2 Cancelled Flightled flights,negative,['customer service']
@USAirways your customer service at CLT is terrible!!! My flight was delayed from JFK for 2 hours!  Get to CLT to horrid customer service!,negative,['customer service']
@usairways @BarclaycardUS 1 hr wait so far for customer service. yes bad weather but do air traffic controllers answer your phones?!??,negative,['customer service']
@USAirways customer service fail... Todays experience will ensure I do my best NEVER to utilize you again...,negative,['customer service']
"@USAirways suggest you failures make a HUGE donation to @the_USO  Charlotte, NC as THEY provided GREAT customer service today, unlike you.",negative,['customer service']
@USAirways on the phone over an hour waiting for customer service  got wrong fight information cost us 6 hours from trip. Frustrating!!!,negative,['customer service']
@USAirways never flying you guys again. your customer service is awful,negative,['customer service']
"@USAirways your customer service in Philly is deplorable, rude &amp; unprofessional gate agents after delays &amp; Cancelled Flightations #takingthistothetop",negative,['customer service']
@USAirways might possibly be THE WORST airline ever! I think it's time to brush up on customer service! #sorude,negative,['customer service']
@USAirways not impressed with your customer service. everyone has been unhelpful and incredibly rude.,negative,['customer service']
@USAirways WORST customer service ever!!!,negative,['customer service']
@USAirways  where's my bag?  In line 200 deep at DCA. Agents say call 800 #.  800# says talk to agents. Abysmal customer service,negative,['customer service']
@USAirways I packed a carry on for a reason. Thanks for making me check it. I hoped for better customer service in CLE also. #nothappy,negative,['customer service']
@USAirways I waited customer service 32 minutes on the phone w/o response. Had to hung up in the end since my battery died due to waiting!,negative,['customer service']
@USAirways I got rebooked at 3am after they woke me up just tried to call twice and got hung up on. Worst customer service.,negative,['customer service']
@USAirways this is the worst customer service I have ever had. Rebooked to tues but seat available on mon. Wtf. Contact me.,negative,['customer service']
@USAirways F623 DEN:PHX. Serious display of poor customer service exhibited by flight crew today.   #newamericanairline #cheapslogannotmotto,negative,['customer service']
"@USAirways horrible customer service, flying from Miami to Philadelphia, sent to Charlotte, now can't get out of Charlotte!",negative,['customer service']
"@USAirways please thank Mellie at CAE, Tammy in baggage claim at CLT 4 #excellent customer service 2day, BUT I have a complaint.",positive,['customer service']
@USAirways you can't control the weather but you can control customer service. Without luggage for 24 hours &amp; still yet to speak to a human.,negative,['customer service']
@USAirways Collectively since Friday I've been on hold with customer service for over 3 hrs. My issue is not resolved... so frustrated!,negative,['customer service']
@USAirways your customer service is atrocious.,negative,['customer service']
"@USAirways your customer service is a joke. First a mechanical Cancelled Flightation, now weather. On hold since 5:30 am. No humans. Pls call me!",negative,['customer service']
@USAirways so upset with customer service. I have a simple question and the phone system has disconnected me all day today and yesterday.,negative,['customer service']
@USAirways have you ever lost luggage with an infant and a 4 year old? Then customer service never answered the phone. I've tried all night.,negative,['customer service']
"@USAirways @AmericanAir Just had to buy a ""safety"" ticket online. You'll refund whichever ticket(s) are unused, in full, without penalty.",neutral,['safety']
"@usairways I've been on hold since 11:30pm how many customer service reps do you have?
 #seriously",negative,['customer service']
@UsAirways can a real person help me here? This customer service is poor. I'm at the mercy of someone since the flights are disappearing.,negative,['customer service']
@USAirways #Wronganswer. Talk is cheap. Customer service is the action of making things right for the customer. #fail again.,negative,['customer service']
"@USAirways stranded at BWI after two diversions. No cust service, no transport. Dumped here. Terrible customer service!",negative,['customer service']
"@USAirways weather doesn't excuse poor customer service, lack of info from staff or the fact staff haven't turned up",negative,['customer service']
@USAirways nervous for flight tomrw out of key west not friendly customer service,negative,['customer service']
"@USAirways disappointed with your toll free number. Terrible customer service, my flight has been Cancelled Flightled would like to get home",negative,['customer service']
@USAirways @AmericanAir Flight SF to NYC only made it to Philly. Ur customer service is telling me no refund for the last leg? #offensive,negative,['customer service']
@USAirways providing poor customer service by responding to complaints with a copy and paste tempLate Flight unreLate Flightd to complaint #usairwaysfail,negative,['customer service']
@USAirways enormous lines at customer service and two agents what kind of service is that .. http://t.co/ffanixJhwh,negative,['customer service']
@USAirways  ! THE WORST in customer service. @USAirways ! Calling for over a month to book a flight! #poorcustomerservice #usairwaysfflyer,negative,['customer service']
@USAirways I fucking hate your customer service. I've been on hold all morning trying to figure out why you Cancelled Flighted my flight.,negative,['customer service']
"All followers please note that @USAirways is not taking customer service calls, nor responding by helping via soc. media #dontflyusairways",negative,['customer service']
@USAirways I will write CR. Not sure what good it'll do as the customer service I experienced was horrible.,negative,['customer service']
@USAirways worst customer service I've ever experienced. I'll never fly your airline ever again. I have to pay to sleep in Philly. Fuck you.,negative,['customer service']
"@USAirways  you were always my go to. What happened?  Airbus over Boeing, and now no customer service?",negative,['customer service']
@USAirways you can thank supervisor Jeanine and her coworkers for the excellent customer service they provided,positive,['customer service']
@USAirways worst customer service experience ever today. Get it together.,negative,['customer service']
@USAirways I know some folks have to use your airlines but doesn't customer service ever matter? I really hate to complain but it's brutal!,negative,['customer service']
"@USAirways Nightmarish customer service. Further to that, as an elite member, I'm appalled.",negative,['customer service']
@USAirways flight 413 my carryon is missing.stollen off plane or left at gate. Worst customer service. Doesn't seem to be anyone's concern.,negative,['customer service']
@USAirways Shavon at customer service desk in Charlotte was fantastic! So helpful and smiling evn after what sounds like long day.Reward her,positive,['customer service']
"@USAirways worst customer service. ticket was 180 and fee is 200 it's ""not worth it"" for them accommodate me given circumstances in BOS",negative,['customer service']
@USAirways Saddens me that my first tweet - ever - has to be a complaint about customer service.,negative,['customer service']
@USAirways yes had to go pick up and pay 40 cab ride very rude employee poor customer service,negative,['customer service']
"@USAirways has no idea what customer service means.  As the customer, if you mess up my plans, don't treat me like its no big deal!",negative,['customer service']
@USAirways I spoke with a customer service rep who was rude and curt and transferred me to eternal hold. Sad. #badservice #mergerdisaster,negative,['customer service']
@USAirways your customer service is a nightmare. I have been on hold for 1 hour. I'm a platinum member with AA and feel like it's worthless,negative,['customer service']
@USAirways big thanks to Yvonne Anthony from the Chairman's desk.  Top tier customer service today.  #outstanding #service &amp; #support.,positive,['customer service']
"@USAirways 7+ hrs stranded in DCA...zero apologies and the worst customer service. Been a faithful traveler for 15+ years, but no more!",negative,['customer service']
"@USAirways never flying #USAirways again. Horrible experience, terrible customer service.",negative,['customer service']
"@USAirways - I bet you don't, but I'm the paying customer here. I know how to check for flight delays, thank you.",negative,['flight delays']
"@USAirways 1st a Late Flight plane, then missing flight crew, then maintenance problems, gates switched 4 times. You call this customer service??",negative,['customer service']
"@USAIRWAYS ARE YOU KIDDING ME?? Bad customer service, folks. Flew from PSP to PHX flight 2692 on 2/19. (cont) http://t.co/KigfKVXxDQ",negative,['customer service']
@USAirways thank you finally got our bag. Customer services reps were wonderful.,positive,['customer service']
@USAirways some people in line have been waiting 55 minutes for a customer service representative,negative,['customer service']
@USAirways is this accurate? Safety guide shown no MP3 player usage during takeoff and landing. http://t.co/Nvk3IrG4KP,neutral,['safety']
"@USAirways the gate agent said ""it's booked in full. Sorry"" I had a ticket with a 1st class seat. I will call customer service when I land.",negative,['customer service']
"@USAirways Empty 1st class, Chairman can't move up due 2 silly award travel rule trumping common sense - customer service fail again!",negative,['customer service']
@USAirways this has been the worst trip with little to no customer service,negative,['customer service']
@USAirways worst customer service. Still not providing me an answer even after I drove back to CLT airport. been rude &amp; unacceptable #fail,negative,['customer service']
@USAirways : its just a very bad customer service experience// can you help,negative,['customer service']
"@USAirways @AmericanAir hey guys, due to some horrible customer service issues is there any way I can get a checked bag credit?",negative,['customer service']
"@USAirways Joined Silver Preferred because I heard customer service was so great, pity I was misguided.",negative,['customer service']
@USAirways I tried to call your customer service line only to be kept in a que for over 45 mins...... please hold =we don't care,negative,['customer service']
@USAirways I asked for some reimbursement something like miles added to my account and was told to call customer service,negative,['customer service']
@USAirways still not in the air for deicing of plane. I'll miss connect but customer service was helpful.I'm hoping to catch the next flight,positive,['customer service']
"@USAirways grades for this trip:

Flight timeliness: üëé‚úàÔ∏è
Cancelled Flightations: üëéüò¨
Customer Service: üëéüò°
Flight attendants: üòäüëè",negative,['customer service']
"@USAirways flights keep getting delayed and Cancelled Flighted with no information, worst customer service ever.",negative,['customer service']
"@USAirways what does ""your reservation is 'out of sync.'"" mean? On hold w customer service 12 min and want an idea what is up",negative,['customer service']
@USAirways 1 1/2 hours on hold to customer service without anyone answering is more than ridiculous!,negative,['customer service']
@USAirways contd.. They put her on 7 pm flite tonite. I think she's on now. Worst customer service ever! U need to fix it.,negative,['customer service']
@USAirways your customer service stinks. Trying to book a flight for hours now and keep getting hung up on. #usairwayssucks,negative,['customer service']
@USAirways the phone number the gate gave me doesn't work either. What is your customer service phone number?,negative,['customer service']
"@USAirways never in my life have I dealt with such poor customer service, irresponsible staff and lack of care LGA-IAH day 2, baggage in NC?",negative,['customer service']
@USAirways customer service at its finest,positive,['customer service']
@usairways #crew keeping safety top of mind in CLT. http://t.co/a0YoSJHZMc,positive,['safety']
@USAirways How can I change without penalty and not have to call customer service,neutral,['customer service']
@USAirways when I call it says y'all are too busy and to call back Late Flightr.  this is terrible customer service.  what will you do about it?,negative,['customer service']
@USAirways still crickets from customer service.,negative,['customer service']
@USAirways your customer service is horrible,negative,['customer service']
@AmericanAir why would I even consider continuing your point program when I received no perks or continued bad customer service? #senseless,negative,['customer service']
@AmericanAir I have been on hold w/customer service line for 68 minutes.  This after I was on phone with an agent for 35 min b/f call droped,negative,['customer service']
Just got off the phone @AmericanAir customer service. Only 8 minutes to get my issue resoled. You guys are awesome.,positive,['customer service']
@AmericanAir another day another grievance with this airline. No customer service,negative,['customer service']
@AmericanAir no response to DM or email yet.  customer service?,negative,['customer service']
@AmericanAir why would I even consider continuing your point program when I received no perks or continued bad customer service? #senseless,negative,['customer service']
@AmericanAir I have been on hold w/customer service line for 68 minutes.  This after I was on phone with an agent for 35 min b/f call droped,negative,['customer service']
Just got off the phone @AmericanAir customer service. Only 8 minutes to get my issue resoled. You guys are awesome.,positive,['customer service']
"@AmericanAir 
Not giving you a hard time...Just looking for basic customer service after AA lost my bag. ETA on it's return, please????????",negative,['customer service']
@AmericanAir great customer service thanks,positive,['customer service']
@AmericanAir do you offer group pricing discounts by any chance?,neutral,['pricing']
@AmericanAir Airline trouble this winter &amp; not getting good customer service? contact http://t.co/aQjn4HwNaC  we negotiate w/companies forU!,negative,['customer service']
@AmericanAir Thank you for the quick customer service today. #RefundProcedureNotTooPainful I know that Winter Weather is not your fault.,positive,['customer service']
"@AmericanAir I'll be sticking with @southwest in the future. No change fees, first bag free, and stellar customer service.",negative,['customer service']
"@AmericanAir although you have no control of the weather, you came through with a great customer service",positive,['customer service']
@AmericanAir Customer service provides no wiggle room to change flight without a $200 change fee. @southwest has always been accommodating.,negative,['customer service']
@AmericanAir thanks for the great customer service. Family made it back to SAT safely. The weather at DFW made things a little worrisome.,positive,['customer service']
@AmericanAir you really need some customer service training for your unhappy EEs in the morning in Chicago. Gate K20 at 430 chking her schd,negative,['customer service']
@AmericanAir no; I just expect a higher level of customer service &amp; for the flight crews to give us accurate information,negative,['customer service']
"@AmericanAir I tried when I landed, but there was no-one there.  I've emailed your customer service twice now who don't seem to care.",negative,['customer service']
@AmericanAir I responded. Your info different than your customer service line,negative,['customer service']
@AmericanAir that's absolutely horrible customer service. The person supposed to call me can't immediately call back when disconnected???,negative,['customer service']
@AmericanAir  your customer service is deplorable. I am disgusted in your company and the ignorant people on the phones for lost baggage.,negative,['customer service']
@AmericanAir gate agents disappeared and customer service agents were miserable and unhelpful. #letdown #neveragain,negative,['customer service']
@AmericanAir that was the worst customer service experience ever. Too bad for you I'm a lawyer. Enjoy my wrath.,negative,['customer service']
"@AmericanAir even followed me, but I still can't get them to answer their phones. Worst. Customer ""service"". Ever. #customerservice #fail",negative,['customer service']
@AmericanAir Late Flight again geez flt2417 #Late Flight #delays #typical,negative,['flight delays']
@AmericanAir she sent you an email 2 customer service the night it happened ur response was basically 2 bad sorry how should she contact u.,negative,['customer service']
@AmericanAir customer service (if you can call it that) refunded my money,negative,['customer service']
@AmericanAir needs an entire customer service overhaul @Delta would never treat its customers with anything less that A1 service,negative,['customer service']
@AmericanAir congrats on your call center customer service! A guy named Fidencio answered and he went above &amp; beyond to help me! üëåüëåüëå,positive,['customer service']
@AmericanAir the group of minor children were broken up into groups. Some still in Miami. Delta has much better customer service!,negative,['customer service']
"@AmericanAir #epicfail on connections in #Chicago today, extremely disappointed w/ unaccommodating customer service, rethinking loyalty üòê",neutral,['customer service']
@AmericanAir probs the worst customer service ever. Replied to complaint I submitted 6 weeks ago bout damaged bag... Not even replacing it!,negative,['customer service']
@AmericanAir you should really explain customer service to your gate agent for 1152 at C4. Couldn't be bothered.,negative,['customer service']
@AmericanAir Delaney and Shawn at DFW showed exceptional customer service today. Will happily choose AA whenever possible now! Thank you!,positive,['customer service']
@AmericanAir @elwoodblues77 I'm sure he understands the rules but you guys just have zero customer service. Staff your damn counters!,negative,['customer service']
@AmericanAir I had to purchase a ticket that I never would have had to buy had the flight not been Cancelled Flightled. Terrible customer service.,negative,['customer service']
@AmericanAir You lost a customer today. Flight today was Cancelled Flightled and I had to find out by calling customer service yesterday.,negative,['customer service']
@AmericanAir to realize your customer service leaves much to be desired and the folks handling the calls could care less...and it shows.,negative,['customer service']
@AmericanAir really appreciate the great customer service... One of your service agents just hung up on me when asking legitimate questions,negative,['customer service']
"@AmericanAir Way to suck at customer service, Dallas is trapped in an ice storm but you didn't Cancelled Flight 7am flight &amp; been on hold all day.",negative,['customer service']
@AmericanAir we have been sitting on the plane for over an hour. unacceptable. you have a complete disregard for customer service.,negative,['customer service']
@AmericanAir exceptional customer service from AA - my misplaced item was waiting for me at checkin followed by a smooth flight. Thank you!,positive,['customer service']
"@AmericanAir in line at SFO. Customer service is rude, disorganized, and congested. Very dissapointing.",negative,['customer service']
@AmericanAir @EdPlotts don't bother trying to get anywhere with their customer service team either as take 2+ months and counting to reply,negative,['customer service']
@AmericanAir @usairways who is the next stop after customer service.,negative,['customer service']
@AmericanAir F-A-N-T-A-S-T-I-C!! thanks again for coming thru with great customer service!,positive,['customer service']
@AmericanAir I've been trying to reach your customer service for TWO days. I have received zero response. Never traveling AA again.,negative,['customer service']
@AmericanAir customer service is terrible.Been waiting 6 weeks for a reply to an email. Not helpful at all and keep brushing off problems!,negative,['customer service']
"@AmericanAir @USAirways ""ma'am if you have a complaint you should visit our customer service desk"" {sees line ~45 people deep}",negative,['customer service']
@AmericanAir @united just deplaned at O'Hare gate K13. Why don't you send a customer service rep to discuss my situation? God knows...,negative,['customer service']
"@AmericanAir the customer service today is unsat, Flight cnx, not notified, called for 6 hours and the phone line does not even let me hold",negative,['customer service']
"@AmericanAir has the worst flights and customer service, this is the second time I've been Cancelled Flighted. Gotta pay for hotel and find rides now.",negative,['customer service']
@AmericanAir thank you for NOT Cancelled Flighting all flights and putting my husbands life in danger driving in this weather. #safetyfirst,positive,['safety']
@AmericanAir =UNAmerican Airlines just lies and poor customer services...,negative,['customer service']
"@AmericanAir - So does that mean your other flights going into Buffalo from other locations, you don't care about their safety?",negative,['safety']
@AmericanAir Huge thanks for fixing our flights! appreciate the customer service. now if only i could get seats assigned: me next to my wife,positive,['customer service']
@AmericanAir Your customer service sucks! You rep should not be yelling at a caller regarding the weather in DFW.  Hope you go bankrupt!,negative,['customer service']
last trip on @AmericanAir ... Poor customer service 3 trips in a row! @Delta here I come!,negative,['customer service']
"@AmericanAir Understood. Integration takes time, but no excuse for poor customer service",negative,['customer service']
@AmericanAir trying to talk 2 customer service to add lap child and can't get a hold of anybody. I need help!!!!!,negative,['customer service']
@AmericanAir. For two days now I have been trying to reach #AmericanAirlines customer service to change my flight.,negative,['customer service']
@AmericanAir has no customer service via phone or in person. Just a stone wall with a giant middle finger painted on it.,negative,['customer service']
@AmericanAir Have been trying to reach American Airlines since last evening to Cancelled Flight flights. WORST CUSTOMER SERVICE EVER! What now???,negative,['customer service']
@AmericanAir your customer service is inferior to that of a nationalized third world nation's airline. Get it together.,negative,['customer service']
"@AmericanAir waited in the airport for two days to get home, not weather reLate Flightd. Dealt with horrible customer service. Finally switched to",negative,['customer service']
@AmericanAir - Hanging up on customers with no chance for a callback is a failure of customer service. 1:30am EST and no one can answer? 2/2,negative,['customer service']
"@AmericanAir Also, been on hold for 30 minutes with your ""customer service"" to find out when my new flight is scheduled bc your site SUCKS",negative,['customer service']
"@AmericanAir How is hanging up on customers because of ""high volume"" customer service? Tried to resolve via DM-still waiting.So bad. #aafail",negative,['customer service']
@AmericanAir your customer service is a disgrace.,negative,['customer service']
@AmericanAir I'm going to speak with customer service at the airport tomorrow morning and see what my options are. I need a flight tomorrow,neutral,['customer service']
@AmericanAir it's been 2 hrs of wait on the phone a) worst customer services b) trying to know where my suitcase Is and way MORE üò§#ANGRY,negative,['customer service']
@AmericanAir not yet. I'm next in the terminal a customer service area.,negative,['customer service']
"@AmericanAir just Cancelled Flightled my 7 am flight tomorrow with out informing me at all today, then booked one in 2 days, and no customer service",negative,['customer service']
@AmericanAir Shout-out to all the ground crews working in the cold! Thanks for what y'all do. (&amp; social media team for customer service),positive,['customer service']
@AmericanAir Awesome customer service on #390 from rdu. They snuck my wife a warm cookie. Thx!,positive,['customer service']
@AmericanAir @carlw1980 I have followed and dm'd you. . . Please respond to my concern too. Really disappointed with customer service.,negative,['customer service']
@AmericanAir VERY upset that I cannot select seats for Tuesday flight online or over the phone. Terrible customer service :( Please help!,negative,['customer service']
@AmericanAir You have the worst customer service of any airlines I've ever encountered. Flat out awful,negative,['customer service']
@AmericanAir this is awful customer service.,negative,['customer service']
@AmericanAir @sarahzou translation: we don't reinvest our mammoth profits into the customer service experience. 'Cause we don't care.,negative,['customer service']
"@AmericanAir @JimDayTV no, you couldn't care less. That's why their customer service is run by bots",negative,['customer service']
@AmericanAir finally about to take off! Thanks for the customer service by the g8 reps @ c17 @ CTL. Any idea what caused the system failure?,negative,['customer service']
@AmericanAir you know nothing about customer service and I'll make sure everyone knows it,negative,['customer service']
"@AmericanAir versus @JetBlue 
in Customer Service?
Who will win!
For Me @AmericanAir is a convenience to a trip to Cali &lt;3",positive,['customer service']
@AmericanAir this is ridiculous! You all really have terrible customer service and a lack of urgency. Im convinced.,negative,['customer service']
"@AmericanAir why does your customer service line say ""we are experiencing high call volume"" and then spontaneously hangup on the person?",negative,['customer service']
@AmericanAir we did for the last 8 hours.  Your customer service is horrendous.  I should have flown Delta,negative,['customer service']
@AmericanAir my flight has been delayed &amp; I can't talk reach anyone in customer service because of high call volume.,negative,['customer service']
@AmericanAir they could be seen if your horrible customer service group would actually update the information! Never fly American again!,negative,['customer service']
@AmericanAir the fact that that rule makes it poor customer service. I can Cancelled Flight/change on @SouthwestAir with no penalty or hoops.,negative,['customer service']
@AmericanAir it's always better to find out equipment is INOP on the ground than in the air! #safetyfirst,negative,['safety']
@AmericanAir that's if it is ever complete and if i can ever get through customer service #theydontanswer,negative,['customer service']
@AmericanAir Cancelled Flightled 2 of my flights for maintenance. Customer service desk is empty... Can I get a hotel at least? http://t.co/ypbkCiRBXu,negative,['customer service']
@AmericanAir I would like to thank the customer service team for their response to my Cancelled Flightled flight but just offering to (cont),positive,['customer service']
@AmericanAir RDU Customer Service is awesome. Thanks! Give em all bonuses.,positive,['customer service']
@AmericanAir no response to DM or email yet.  customer service?,negative,['customer service']
@AmericanAir hey! Tried calling customer service and was told there's a 2 hour wait. This has been for the past 4 hours. Thanks! You suck!,negative,['customer service']
"@AmericanAir @russelneiss No, American. This is simple. How about YOU call HER back with the info for her new flight. Basic customer service",negative,['customer service']
"@AmericanAir @marxsterbcow How is this a real life response to a customer service issue? Seriously. Keep trying to call us. Eh, might work.",negative,['customer service']
@AmericanAir thank you for quick responses.   #aa usually has fantastic customer service. That's why I was so shocked when it wasn't there,positive,['customer service']
